<Anims>
 <anim name="idle" root="gary_amulet_living_tissue" numframes="1000" framerate="40">
  <frame idx="0" w="169" h="219" x="38.721920" y="-7.278206">
   <element name="gary_amulet_living_tissue" layername="gary_amulet_living_tissue" frame="0" z_index="1" m_a="1.495654" m_b="0.000000" m_c="0.000000" m_d="1.495654" m_tx="0.000000" m_ty="0.000000"/>
  </frame>
  <frame idx="25" w="169" h="219" x="38.721920" y="-7.278206">
   <element name="gary_amulet_living_tissue" layername="gary_amulet_living_tissue" frame="0" z_index="1" m_a="1.495654" m_b="0.000000" m_c="0.000000" m_d="1.495654" m_tx="0.000000" m_ty="0.000000"/>
  </frame>
  <frame idx="50" w="169" h="219" x="38.721920" y="-7.278206">
   <element name="gary_amulet_living_tissue" layername="gary_amulet_living_tissue" frame="0" z_index="1" m_a="1.495654" m_b="0.000000" m_c="0.000000" m_d="1.495654" m_tx="0.000000" m_ty="0.000000"/>
  </frame>
  <frame idx="75" w="169" h="219" x="38.721920" y="-7.278206">
   <element name="gary_amulet_living_tissue" layername="gary_amulet_living_tissue" frame="0" z_index="1" m_a="1.495654" m_b="0.000000" m_c="0.000000" m_d="1.495654" m_tx="0.000000" m_ty="0.000000"/>
  </frame>
  <frame idx="100" w="169" h="219" x="38.721920" y="-7.278206">
   <element name="gary_amulet_living_tissue" layername="gary_amulet_living_tissue" frame="0" z_index="1" m_a="1.495654" m_b="0.000000" m_c="0.000000" m_d="1.495654" m_tx="0.000000" m_ty="0.000000"/>
  </frame>
  <frame idx="125" w="169" h="219" x="38.721920" y="-7.278206">
   <element name="gary_amulet_living_tissue" layername="gary_amulet_living_tissue" frame="0" z_index="1" m_a="1.495654" m_b="0.000000" m_c="0.000000" m_d="1.495654" m_tx="0.000000" m_ty="0.000000"/>
  </frame>
  <frame idx="150" w="169" h="219" x="38.721920" y="-7.278206">
   <element name="gary_amulet_living_tissue" layername="gary_amulet_living_tissue" frame="0" z_index="1" m_a="1.495654" m_b="0.000000" m_c="0.000000" m_d="1.495654" m_tx="0.000000" m_ty="0.000000"/>
  </frame>
  <frame idx="175" w="169" h="219" x="38.721920" y="-7.278206">
   <element name="gary_amulet_living_tissue" layername="gary_amulet_living_tissue" frame="0" z_index="1" m_a="1.495654" m_b="0.000000" m_c="0.000000" m_d="1.495654" m_tx="0.000000" m_ty="0.000000"/>
  </frame>
  <frame idx="200" w="169" h="219" x="38.721920" y="-7.278206">
   <element name="gary_amulet_living_tissue" layername="gary_amulet_living_tissue" frame="0" z_index="1" m_a="1.495654" m_b="0.000000" m_c="0.000000" m_d="1.495654" m_tx="0.000000" m_ty="0.000000"/>
  </frame>
  <frame idx="225" w="169" h="219" x="38.721920" y="-7.278206">
   <element name="gary_amulet_living_tissue" layername="gary_amulet_living_tissue" frame="0" z_index="1" m_a="1.495654" m_b="0.000000" m_c="0.000000" m_d="1.495654" m_tx="0.000000" m_ty="0.000000"/>
  </frame>
  <frame idx="250" w="169" h="219" x="38.721920" y="-7.278206">
   <element name="gary_amulet_living_tissue" layername="gary_amulet_living_tissue" frame="0" z_index="1" m_a="1.495654" m_b="0.000000" m_c="0.000000" m_d="1.495654" m_tx="0.000000" m_ty="0.000000"/>
  </frame>
  <frame idx="275" w="169" h="219" x="38.721920" y="-7.278206">
   <element name="gary_amulet_living_tissue" layername="gary_amulet_living_tissue" frame="0" z_index="1" m_a="1.495654" m_b="0.000000" m_c="0.000000" m_d="1.495654" m_tx="0.000000" m_ty="0.000000"/>
  </frame>
  <frame idx="300" w="169" h="219" x="38.721920" y="-7.278206">
   <element name="gary_amulet_living_tissue" layername="gary_amulet_living_tissue" frame="0" z_index="1" m_a="1.495654" m_b="0.000000" m_c="0.000000" m_d="1.495654" m_tx="0.000000" m_ty="0.000000"/>
  </frame>
  <frame idx="325" w="169" h="219" x="38.721920" y="-7.278206">
   <element name="gary_amulet_living_tissue" layername="gary_amulet_living_tissue" frame="0" z_index="1" m_a="1.495654" m_b="0.000000" m_c="0.000000" m_d="1.495654" m_tx="0.000000" m_ty="0.000000"/>
  </frame>
  <frame idx="350" w="169" h="219" x="38.721920" y="-7.278206">
   <element name="gary_amulet_living_tissue" layername="gary_amulet_living_tissue" frame="0" z_index="1" m_a="1.495654" m_b="0.000000" m_c="0.000000" m_d="1.495654" m_tx="0.000000" m_ty="0.000000"/>
  </frame>
  <frame idx="375" w="169" h="219" x="38.721920" y="-7.278206">
   <element name="gary_amulet_living_tissue" layername="gary_amulet_living_tissue" frame="0" z_index="1" m_a="1.495654" m_b="0.000000" m_c="0.000000" m_d="1.495654" m_tx="0.000000" m_ty="0.000000"/>
  </frame>
  <frame idx="400" w="169" h="219" x="38.721920" y="-7.278206">
   <element name="gary_amulet_living_tissue" layername="gary_amulet_living_tissue" frame="0" z_index="1" m_a="1.495654" m_b="0.000000" m_c="0.000000" m_d="1.495654" m_tx="0.000000" m_ty="0.000000"/>
  </frame>
  <frame idx="425" w="169" h="219" x="38.721920" y="-7.278206">
   <element name="gary_amulet_living_tissue" layername="gary_amulet_living_tissue" frame="0" z_index="1" m_a="1.495654" m_b="0.000000" m_c="0.000000" m_d="1.495654" m_tx="0.000000" m_ty="0.000000"/>
  </frame>
  <frame idx="450" w="169" h="219" x="38.721920" y="-7.278206">
   <element name="gary_amulet_living_tissue" layername="gary_amulet_living_tissue" frame="0" z_index="1" m_a="1.495654" m_b="0.000000" m_c="0.000000" m_d="1.495654" m_tx="0.000000" m_ty="0.000000"/>
  </frame>
  <frame idx="475" w="169" h="219" x="38.721920" y="-7.278206">
   <element name="gary_amulet_living_tissue" layername="gary_amulet_living_tissue" frame="0" z_index="1" m_a="1.495654" m_b="0.000000" m_c="0.000000" m_d="1.495654" m_tx="0.000000" m_ty="0.000000"/>
  </frame>
  <frame idx="500" w="169" h="219" x="38.721920" y="-7.278206">
   <element name="gary_amulet_living_tissue" layername="gary_amulet_living_tissue" frame="0" z_index="1" m_a="1.495654" m_b="0.000000" m_c="0.000000" m_d="1.495654" m_tx="0.000000" m_ty="0.000000"/>
  </frame>
  <frame idx="525" w="169" h="219" x="38.721920" y="-7.278206">
   <element name="gary_amulet_living_tissue" layername="gary_amulet_living_tissue" frame="0" z_index="1" m_a="1.495654" m_b="0.000000" m_c="0.000000" m_d="1.495654" m_tx="0.000000" m_ty="0.000000"/>
  </frame>
  <frame idx="550" w="169" h="219" x="38.721920" y="-7.278206">
   <element name="gary_amulet_living_tissue" layername="gary_amulet_living_tissue" frame="0" z_index="1" m_a="1.495654" m_b="0.000000" m_c="0.000000" m_d="1.495654" m_tx="0.000000" m_ty="0.000000"/>
  </frame>
  <frame idx="575" w="169" h="219" x="38.721920" y="-7.278206">
   <element name="gary_amulet_living_tissue" layername="gary_amulet_living_tissue" frame="0" z_index="1" m_a="1.495654" m_b="0.000000" m_c="0.000000" m_d="1.495654" m_tx="0.000000" m_ty="0.000000"/>
  </frame>
  <frame idx="600" w="169" h="219" x="38.721920" y="-7.278206">
   <element name="gary_amulet_living_tissue" layername="gary_amulet_living_tissue" frame="0" z_index="1" m_a="1.495654" m_b="0.000000" m_c="0.000000" m_d="1.495654" m_tx="0.000000" m_ty="0.000000"/>
  </frame>
  <frame idx="625" w="169" h="219" x="38.721920" y="-7.278206">
   <element name="gary_amulet_living_tissue" layername="gary_amulet_living_tissue" frame="0" z_index="1" m_a="1.495654" m_b="0.000000" m_c="0.000000" m_d="1.495654" m_tx="0.000000" m_ty="0.000000"/>
  </frame>
  <frame idx="650" w="169" h="219" x="38.721920" y="-7.278206">
   <element name="gary_amulet_living_tissue" layername="gary_amulet_living_tissue" frame="0" z_index="1" m_a="1.495654" m_b="0.000000" m_c="0.000000" m_d="1.495654" m_tx="0.000000" m_ty="0.000000"/>
  </frame>
  <frame idx="675" w="169" h="219" x="38.721920" y="-7.278206">
   <element name="gary_amulet_living_tissue" layername="gary_amulet_living_tissue" frame="0" z_index="1" m_a="1.495654" m_b="0.000000" m_c="0.000000" m_d="1.495654" m_tx="0.000000" m_ty="0.000000"/>
  </frame>
  <frame idx="700" w="169" h="219" x="38.721920" y="-7.278206">
   <element name="gary_amulet_living_tissue" layername="gary_amulet_living_tissue" frame="0" z_index="1" m_a="1.495654" m_b="0.000000" m_c="0.000000" m_d="1.495654" m_tx="0.000000" m_ty="0.000000"/>
  </frame>
  <frame idx="725" w="169" h="219" x="38.721920" y="-7.278206">
   <element name="gary_amulet_living_tissue" layername="gary_amulet_living_tissue" frame="0" z_index="1" m_a="1.495654" m_b="0.000000" m_c="0.000000" m_d="1.495654" m_tx="0.000000" m_ty="0.000000"/>
  </frame>
  <frame idx="750" w="169" h="219" x="38.721920" y="-7.278206">
   <element name="gary_amulet_living_tissue" layername="gary_amulet_living_tissue" frame="0" z_index="1" m_a="1.495654" m_b="0.000000" m_c="0.000000" m_d="1.495654" m_tx="0.000000" m_ty="0.000000"/>
  </frame>
  <frame idx="775" w="169" h="219" x="38.721920" y="-7.278206">
   <element name="gary_amulet_living_tissue" layername="gary_amulet_living_tissue" frame="0" z_index="1" m_a="1.495654" m_b="0.000000" m_c="0.000000" m_d="1.495654" m_tx="0.000000" m_ty="0.000000"/>
  </frame>
  <frame idx="800" w="169" h="219" x="38.721920" y="-7.278206">
   <element name="gary_amulet_living_tissue" layername="gary_amulet_living_tissue" frame="0" z_index="1" m_a="1.495654" m_b="0.000000" m_c="0.000000" m_d="1.495654" m_tx="0.000000" m_ty="0.000000"/>
  </frame>
  <frame idx="825" w="169" h="219" x="38.721920" y="-7.278206">
   <element name="gary_amulet_living_tissue" layername="gary_amulet_living_tissue" frame="0" z_index="1" m_a="1.495654" m_b="0.000000" m_c="0.000000" m_d="1.495654" m_tx="0.000000" m_ty="0.000000"/>
  </frame>
  <frame idx="850" w="169" h="219" x="38.721920" y="-7.278206">
   <element name="gary_amulet_living_tissue" layername="gary_amulet_living_tissue" frame="0" z_index="1" m_a="1.495654" m_b="0.000000" m_c="0.000000" m_d="1.495654" m_tx="0.000000" m_ty="0.000000"/>
  </frame>
  <frame idx="875" w="169" h="219" x="38.721920" y="-7.278206">
   <element name="gary_amulet_living_tissue" layername="gary_amulet_living_tissue" frame="0" z_index="1" m_a="1.495654" m_b="0.000000" m_c="0.000000" m_d="1.495654" m_tx="0.000000" m_ty="0.000000"/>
  </frame>
  <frame idx="900" w="169" h="219" x="38.721920" y="-7.278206">
   <element name="gary_amulet_living_tissue" layername="gary_amulet_living_tissue" frame="0" z_index="1" m_a="1.495654" m_b="0.000000" m_c="0.000000" m_d="1.495654" m_tx="0.000000" m_ty="0.000000"/>
  </frame>
  <frame idx="925" w="169" h="219" x="38.721920" y="-7.278206">
   <element name="gary_amulet_living_tissue" layername="gary_amulet_living_tissue" frame="0" z_index="1" m_a="1.495654" m_b="0.000000" m_c="0.000000" m_d="1.495654" m_tx="0.000000" m_ty="0.000000"/>
  </frame>
  <frame idx="950" w="169" h="219" x="38.721920" y="-7.278206">
   <element name="gary_amulet_living_tissue" layername="gary_amulet_living_tissue" frame="0" z_index="1" m_a="1.495654" m_b="0.000000" m_c="0.000000" m_d="1.495654" m_tx="0.000000" m_ty="0.000000"/>
  </frame>
  <frame idx="975" w="169" h="219" x="38.721920" y="-7.278206">
   <element name="gary_amulet_living_tissue" layername="gary_amulet_living_tissue" frame="0" z_index="1" m_a="1.495654" m_b="0.000000" m_c="0.000000" m_d="1.495654" m_tx="0.000000" m_ty="0.000000"/>
  </frame>
 </anim>
</Anims>
