<Anims>
 <anim name="idle" root="gary_amulet" numframes="1000" framerate="40">
  <frame idx="0" w="245" h="365" x="135.487671" y="26.446991">
   <element name="gary_amulet" layername="gary_amulet" frame="0" z_index="1" m_a="2.788175" m_b="0.000000" m_c="0.000000" m_d="2.788175" m_tx="31.044474" m_ty="-133.996216"/>
  </frame>
  <frame idx="25" w="245" h="365" x="135.487671" y="26.446991">
   <element name="gary_amulet" layername="gary_amulet" frame="0" z_index="1" m_a="2.788175" m_b="0.000000" m_c="0.000000" m_d="2.788175" m_tx="31.044474" m_ty="-133.996216"/>
  </frame>
  <frame idx="50" w="245" h="365" x="135.487671" y="26.446991">
   <element name="gary_amulet" layername="gary_amulet" frame="0" z_index="1" m_a="2.788175" m_b="0.000000" m_c="0.000000" m_d="2.788175" m_tx="31.044474" m_ty="-133.996216"/>
  </frame>
  <frame idx="75" w="245" h="365" x="135.487671" y="26.446991">
   <element name="gary_amulet" layername="gary_amulet" frame="0" z_index="1" m_a="2.788175" m_b="0.000000" m_c="0.000000" m_d="2.788175" m_tx="31.044474" m_ty="-133.996216"/>
  </frame>
  <frame idx="100" w="245" h="365" x="135.487671" y="26.446991">
   <element name="gary_amulet" layername="gary_amulet" frame="0" z_index="1" m_a="2.788175" m_b="0.000000" m_c="0.000000" m_d="2.788175" m_tx="31.044474" m_ty="-133.996216"/>
  </frame>
  <frame idx="125" w="245" h="365" x="135.487671" y="26.446991">
   <element name="gary_amulet" layername="gary_amulet" frame="0" z_index="1" m_a="2.788175" m_b="0.000000" m_c="0.000000" m_d="2.788175" m_tx="31.044474" m_ty="-133.996216"/>
  </frame>
  <frame idx="150" w="245" h="365" x="135.487671" y="26.446991">
   <element name="gary_amulet" layername="gary_amulet" frame="0" z_index="1" m_a="2.788175" m_b="0.000000" m_c="0.000000" m_d="2.788175" m_tx="31.044474" m_ty="-133.996216"/>
  </frame>
  <frame idx="175" w="245" h="365" x="135.487671" y="26.446991">
   <element name="gary_amulet" layername="gary_amulet" frame="0" z_index="1" m_a="2.788175" m_b="0.000000" m_c="0.000000" m_d="2.788175" m_tx="31.044474" m_ty="-133.996216"/>
  </frame>
  <frame idx="200" w="245" h="365" x="135.487671" y="26.446991">
   <element name="gary_amulet" layername="gary_amulet" frame="0" z_index="1" m_a="2.788175" m_b="0.000000" m_c="0.000000" m_d="2.788175" m_tx="31.044474" m_ty="-133.996216"/>
  </frame>
  <frame idx="225" w="245" h="365" x="135.487671" y="26.446991">
   <element name="gary_amulet" layername="gary_amulet" frame="0" z_index="1" m_a="2.788175" m_b="0.000000" m_c="0.000000" m_d="2.788175" m_tx="31.044474" m_ty="-133.996216"/>
  </frame>
  <frame idx="250" w="245" h="365" x="135.487671" y="26.446991">
   <element name="gary_amulet" layername="gary_amulet" frame="0" z_index="1" m_a="2.788175" m_b="0.000000" m_c="0.000000" m_d="2.788175" m_tx="31.044474" m_ty="-133.996216"/>
  </frame>
  <frame idx="275" w="245" h="365" x="135.487671" y="26.446991">
   <element name="gary_amulet" layername="gary_amulet" frame="0" z_index="1" m_a="2.788175" m_b="0.000000" m_c="0.000000" m_d="2.788175" m_tx="31.044474" m_ty="-133.996216"/>
  </frame>
  <frame idx="300" w="245" h="365" x="135.487671" y="26.446991">
   <element name="gary_amulet" layername="gary_amulet" frame="0" z_index="1" m_a="2.788175" m_b="0.000000" m_c="0.000000" m_d="2.788175" m_tx="31.044474" m_ty="-133.996216"/>
  </frame>
  <frame idx="325" w="245" h="365" x="135.487671" y="26.446991">
   <element name="gary_amulet" layername="gary_amulet" frame="0" z_index="1" m_a="2.788175" m_b="0.000000" m_c="0.000000" m_d="2.788175" m_tx="31.044474" m_ty="-133.996216"/>
  </frame>
  <frame idx="350" w="245" h="365" x="135.487671" y="26.446991">
   <element name="gary_amulet" layername="gary_amulet" frame="0" z_index="1" m_a="2.788175" m_b="0.000000" m_c="0.000000" m_d="2.788175" m_tx="31.044474" m_ty="-133.996216"/>
  </frame>
  <frame idx="375" w="245" h="365" x="135.487671" y="26.446991">
   <element name="gary_amulet" layername="gary_amulet" frame="0" z_index="1" m_a="2.788175" m_b="0.000000" m_c="0.000000" m_d="2.788175" m_tx="31.044474" m_ty="-133.996216"/>
  </frame>
  <frame idx="400" w="245" h="365" x="135.487671" y="26.446991">
   <element name="gary_amulet" layername="gary_amulet" frame="0" z_index="1" m_a="2.788175" m_b="0.000000" m_c="0.000000" m_d="2.788175" m_tx="31.044474" m_ty="-133.996216"/>
  </frame>
  <frame idx="425" w="245" h="365" x="135.487671" y="26.446991">
   <element name="gary_amulet" layername="gary_amulet" frame="0" z_index="1" m_a="2.788175" m_b="0.000000" m_c="0.000000" m_d="2.788175" m_tx="31.044474" m_ty="-133.996216"/>
  </frame>
  <frame idx="450" w="245" h="365" x="135.487671" y="26.446991">
   <element name="gary_amulet" layername="gary_amulet" frame="0" z_index="1" m_a="2.788175" m_b="0.000000" m_c="0.000000" m_d="2.788175" m_tx="31.044474" m_ty="-133.996216"/>
  </frame>
  <frame idx="475" w="245" h="365" x="135.487671" y="26.446991">
   <element name="gary_amulet" layername="gary_amulet" frame="0" z_index="1" m_a="2.788175" m_b="0.000000" m_c="0.000000" m_d="2.788175" m_tx="31.044474" m_ty="-133.996216"/>
  </frame>
  <frame idx="500" w="245" h="365" x="135.487671" y="26.446991">
   <element name="gary_amulet" layername="gary_amulet" frame="0" z_index="1" m_a="2.788175" m_b="0.000000" m_c="0.000000" m_d="2.788175" m_tx="31.044474" m_ty="-133.996216"/>
  </frame>
  <frame idx="525" w="245" h="365" x="135.487671" y="26.446991">
   <element name="gary_amulet" layername="gary_amulet" frame="0" z_index="1" m_a="2.788175" m_b="0.000000" m_c="0.000000" m_d="2.788175" m_tx="31.044474" m_ty="-133.996216"/>
  </frame>
  <frame idx="550" w="245" h="365" x="135.487671" y="26.446991">
   <element name="gary_amulet" layername="gary_amulet" frame="0" z_index="1" m_a="2.788175" m_b="0.000000" m_c="0.000000" m_d="2.788175" m_tx="31.044474" m_ty="-133.996216"/>
  </frame>
  <frame idx="575" w="245" h="365" x="135.487671" y="26.446991">
   <element name="gary_amulet" layername="gary_amulet" frame="0" z_index="1" m_a="2.788175" m_b="0.000000" m_c="0.000000" m_d="2.788175" m_tx="31.044474" m_ty="-133.996216"/>
  </frame>
  <frame idx="600" w="245" h="365" x="135.487671" y="26.446991">
   <element name="gary_amulet" layername="gary_amulet" frame="0" z_index="1" m_a="2.788175" m_b="0.000000" m_c="0.000000" m_d="2.788175" m_tx="31.044474" m_ty="-133.996216"/>
  </frame>
  <frame idx="625" w="245" h="365" x="135.487671" y="26.446991">
   <element name="gary_amulet" layername="gary_amulet" frame="0" z_index="1" m_a="2.788175" m_b="0.000000" m_c="0.000000" m_d="2.788175" m_tx="31.044474" m_ty="-133.996216"/>
  </frame>
  <frame idx="650" w="245" h="365" x="135.487671" y="26.446991">
   <element name="gary_amulet" layername="gary_amulet" frame="0" z_index="1" m_a="2.788175" m_b="0.000000" m_c="0.000000" m_d="2.788175" m_tx="31.044474" m_ty="-133.996216"/>
  </frame>
  <frame idx="675" w="245" h="365" x="135.487671" y="26.446991">
   <element name="gary_amulet" layername="gary_amulet" frame="0" z_index="1" m_a="2.788175" m_b="0.000000" m_c="0.000000" m_d="2.788175" m_tx="31.044474" m_ty="-133.996216"/>
  </frame>
  <frame idx="700" w="245" h="365" x="135.487671" y="26.446991">
   <element name="gary_amulet" layername="gary_amulet" frame="0" z_index="1" m_a="2.788175" m_b="0.000000" m_c="0.000000" m_d="2.788175" m_tx="31.044474" m_ty="-133.996216"/>
  </frame>
  <frame idx="725" w="245" h="365" x="135.487671" y="26.446991">
   <element name="gary_amulet" layername="gary_amulet" frame="0" z_index="1" m_a="2.788175" m_b="0.000000" m_c="0.000000" m_d="2.788175" m_tx="31.044474" m_ty="-133.996216"/>
  </frame>
  <frame idx="750" w="245" h="365" x="135.487671" y="26.446991">
   <element name="gary_amulet" layername="gary_amulet" frame="0" z_index="1" m_a="2.788175" m_b="0.000000" m_c="0.000000" m_d="2.788175" m_tx="31.044474" m_ty="-133.996216"/>
  </frame>
  <frame idx="775" w="245" h="365" x="135.487671" y="26.446991">
   <element name="gary_amulet" layername="gary_amulet" frame="0" z_index="1" m_a="2.788175" m_b="0.000000" m_c="0.000000" m_d="2.788175" m_tx="31.044474" m_ty="-133.996216"/>
  </frame>
  <frame idx="800" w="245" h="365" x="135.487671" y="26.446991">
   <element name="gary_amulet" layername="gary_amulet" frame="0" z_index="1" m_a="2.788175" m_b="0.000000" m_c="0.000000" m_d="2.788175" m_tx="31.044474" m_ty="-133.996216"/>
  </frame>
  <frame idx="825" w="245" h="365" x="135.487671" y="26.446991">
   <element name="gary_amulet" layername="gary_amulet" frame="0" z_index="1" m_a="2.788175" m_b="0.000000" m_c="0.000000" m_d="2.788175" m_tx="31.044474" m_ty="-133.996216"/>
  </frame>
  <frame idx="850" w="245" h="365" x="135.487671" y="26.446991">
   <element name="gary_amulet" layername="gary_amulet" frame="0" z_index="1" m_a="2.788175" m_b="0.000000" m_c="0.000000" m_d="2.788175" m_tx="31.044474" m_ty="-133.996216"/>
  </frame>
  <frame idx="875" w="245" h="365" x="135.487671" y="26.446991">
   <element name="gary_amulet" layername="gary_amulet" frame="0" z_index="1" m_a="2.788175" m_b="0.000000" m_c="0.000000" m_d="2.788175" m_tx="31.044474" m_ty="-133.996216"/>
  </frame>
  <frame idx="900" w="245" h="365" x="135.487671" y="26.446991">
   <element name="gary_amulet" layername="gary_amulet" frame="0" z_index="1" m_a="2.788175" m_b="0.000000" m_c="0.000000" m_d="2.788175" m_tx="31.044474" m_ty="-133.996216"/>
  </frame>
  <frame idx="925" w="245" h="365" x="135.487671" y="26.446991">
   <element name="gary_amulet" layername="gary_amulet" frame="0" z_index="1" m_a="2.788175" m_b="0.000000" m_c="0.000000" m_d="2.788175" m_tx="31.044474" m_ty="-133.996216"/>
  </frame>
  <frame idx="950" w="245" h="365" x="135.487671" y="26.446991">
   <element name="gary_amulet" layername="gary_amulet" frame="0" z_index="1" m_a="2.788175" m_b="0.000000" m_c="0.000000" m_d="2.788175" m_tx="31.044474" m_ty="-133.996216"/>
  </frame>
  <frame idx="975" w="245" h="365" x="135.487671" y="26.446991">
   <element name="gary_amulet" layername="gary_amulet" frame="0" z_index="1" m_a="2.788175" m_b="0.000000" m_c="0.000000" m_d="2.788175" m_tx="31.044474" m_ty="-133.996216"/>
  </frame>
 </anim>
</Anims>
