<Anims>
 <anim name="blueamulet" root="torso_amulets" numframes="50" framerate="40">
  <frame idx="0" w="90" h="148" x="-0.931438" y="-32.546776">
   <element name="blueamulet" layername="blueamulet" frame="0" z_index="6" m_a="1.000000" m_b="0.000000" m_c="0.000000" m_d="1.000000" m_tx="-0.450000" m_ty="-0.300000"/>
  </frame>
  <frame idx="25" w="90" h="148" x="-0.931438" y="-32.546776">
   <element name="blueamulet" layername="blueamulet" frame="0" z_index="6" m_a="1.000000" m_b="0.000000" m_c="0.000000" m_d="1.000000" m_tx="-0.450000" m_ty="-0.300000"/>
  </frame>
 </anim>
 <anim name="greenamulet" root="torso_amulets" numframes="50" framerate="40">
  <frame idx="0" w="88" h="147" x="-1.181484" y="-33.228790">
   <element name="greenamulet" layername="greenamulet" frame="0" z_index="6" m_a="1.000000" m_b="0.000000" m_c="0.000000" m_d="1.000000" m_tx="-0.450000" m_ty="-0.300000"/>
  </frame>
  <frame idx="25" w="88" h="147" x="-1.181484" y="-33.228790">
   <element name="greenamulet" layername="greenamulet" frame="0" z_index="6" m_a="1.000000" m_b="0.000000" m_c="0.000000" m_d="1.000000" m_tx="-0.450000" m_ty="-0.300000"/>
  </frame>
 </anim>
 <anim name="orangeamulet" root="torso_amulets" numframes="50" framerate="40">
  <frame idx="0" w="90" h="148" x="-0.931438" y="-32.546776">
   <element name="orangeamulet" layername="orangeamulet" frame="0" z_index="6" m_a="1.000000" m_b="0.000000" m_c="0.000000" m_d="1.000000" m_tx="-0.450000" m_ty="-0.300000"/>
  </frame>
  <frame idx="25" w="90" h="148" x="-0.931438" y="-32.546776">
   <element name="orangeamulet" layername="orangeamulet" frame="0" z_index="6" m_a="1.000000" m_b="0.000000" m_c="0.000000" m_d="1.000000" m_tx="-0.450000" m_ty="-0.300000"/>
  </frame>
 </anim>
 <anim name="purpleamulet" root="torso_amulets" numframes="50" framerate="40">
  <frame idx="0" w="81" h="145" x="-0.425018" y="-34.999969">
   <element name="purpleamulet" layername="purpleamulet" frame="0" z_index="6" m_a="1.000000" m_b="0.000000" m_c="0.000000" m_d="1.000000" m_tx="-0.450000" m_ty="-0.300000"/>
  </frame>
  <frame idx="25" w="81" h="145" x="-0.425018" y="-34.999969">
   <element name="purpleamulet" layername="purpleamulet" frame="0" z_index="6" m_a="1.000000" m_b="0.000000" m_c="0.000000" m_d="1.000000" m_tx="-0.450000" m_ty="-0.300000"/>
  </frame>
 </anim>
 <anim name="redamulet" root="torso_amulets" numframes="50" framerate="40">
  <frame idx="0" w="88" h="147" x="-1.181484" y="-33.228790">
   <element name="redamulet" layername="redamulet" frame="0" z_index="6" m_a="1.000000" m_b="0.000000" m_c="0.000000" m_d="1.000000" m_tx="-0.450000" m_ty="-0.300000"/>
  </frame>
  <frame idx="25" w="88" h="147" x="-1.181484" y="-33.228790">
   <element name="redamulet" layername="redamulet" frame="0" z_index="6" m_a="1.000000" m_b="0.000000" m_c="0.000000" m_d="1.000000" m_tx="-0.450000" m_ty="-0.300000"/>
  </frame>
 </anim>
 <anim name="yellowamulet" root="torso_amulets" numframes="50" framerate="40">
  <frame idx="0" w="81" h="145" x="-0.425018" y="-34.999969">
   <element name="yellowamulet" layername="yellowamulet" frame="0" z_index="6" m_a="1.000000" m_b="0.000000" m_c="0.000000" m_d="1.000000" m_tx="-0.450000" m_ty="-0.300000"/>
  </frame>
  <frame idx="25" w="81" h="145" x="-0.425018" y="-34.999969">
   <element name="yellowamulet" layername="yellowamulet" frame="0" z_index="6" m_a="1.000000" m_b="0.000000" m_c="0.000000" m_d="1.000000" m_tx="-0.450000" m_ty="-0.300000"/>
  </frame>
 </anim>
</Anims>
